Habit,Date,Value,Unit,Memo,Tag,Habit Type
Осанка / Правильная походка,2023-06-25,1,,,,Build
Осанка / Правильная походка,2023-06-26,1,,,,Build
Осанка / Правильная походка,2023-08-06,1,,,,Build
Осанка / Правильная походка,2023-08-24,1,,,,Build
Осанка / Правильная походка,2023-08-28,1,,,,Build
Осанка / Правильная походка,2023-08-30,1,,,,Build
Осанка / Правильная походка,2023-09-04,1,,,,Build
Осанка / Правильная походка,2023-09-08,1,,,,Build
Осанка / Правильная походка,2023-09-09,0,,,,Build
Осанка / Правильная походка,2023-09-12,1,,,,Build
Осанка / Правильная походка,2023-09-13,1,,,,Build
Осанка / Правильная походка,2023-09-23,1,,,,Build
Осанка / Правильная походка,2023-09-24,1,,,,Build
Осанка / Правильная походка,2023-09-25,1,,,,Build
Осанка / Правильная походка,2023-09-26,1,,,,Build
Осанка / Правильная походка,2023-09-27,1,,,,Build
Осанка / Правильная походка,2023-09-29,1,,,,Build
Осанка / Правильная походка,2023-09-30,1,,,,Build
Осанка / Правильная походка,2023-10-02,1,,,,Build
Осанка / Правильная походка,2023-10-03,1,,,,Build
Осанка / Правильная походка,2023-10-04,1,,,,Build
Осанка / Правильная походка,2023-10-05,0,,,,Build
Осанка / Правильная походка,2023-10-09,1,,,,Build
Осанка / Правильная походка,2023-10-11,1,,,,Build
Осанка / Правильная походка,2023-10-12,1,,,,Build
Осанка / Правильная походка,2023-10-13,1,,,,Build
Осанка / Правильная походка,2024-02-15,1,,,,Build
Осанка / Правильная походка,2024-02-26,1,,,,Build
Осанка / Правильная походка,2024-02-27,1,,,,Build
Осанка / Правильная походка,2024-03-31,1,,,,Build
Осанка / Правильная походка,2024-04-01,1,,,,Build
Осанка / Правильная походка,2024-04-02,1,,,,Build
Осанка / Правильная походка,2024-04-05,1,,,,Build
Осанка / Правильная походка,2024-04-06,1,,,,Build
Осанка / Правильная походка,2024-04-07,1,,,,Build
Осанка / Правильная походка,2024-04-08,1,,,,Build
Осанка / Правильная походка,2024-04-10,1,,,,Build
Осанка / Правильная походка,2024-04-11,1,,,,Build
Осанка / Правильная походка,2024-04-19,1,,,,Build
Осанка / Правильная походка,2024-04-30,1,,,,Build
Осанка / Правильная походка,2025-06-11,1,,,,Build
Coinkeeper,2023-05-02,1,,,,Build
Coinkeeper,2023-05-03,1,,,,Build
Coinkeeper,2023-05-04,1,,,,Build
Coinkeeper,2023-05-05,1,,,,Build
Coinkeeper,2023-05-06,1,,,,Build
Coinkeeper,2023-05-07,1,,,,Build
Coinkeeper,2023-05-08,1,,,,Build
Coinkeeper,2023-05-09,1,,,,Build
Coinkeeper,2023-05-10,1,,,,Build
Coinkeeper,2023-05-11,1,,,,Build
Coinkeeper,2023-05-12,1,,,,Build
Coinkeeper,2023-05-13,1,,,,Build
Coinkeeper,2023-05-14,1,,,,Build
Coinkeeper,2023-05-15,1,,,,Build
Coinkeeper,2023-05-16,1,,,,Build
Coinkeeper,2023-05-17,1,,,,Build
Coinkeeper,2023-05-18,1,,,,Build
Coinkeeper,2023-05-19,1,,,,Build
Coinkeeper,2023-05-20,1,,,,Build
Coinkeeper,2023-05-21,1,,,,Build
Coinkeeper,2023-05-22,1,,,,Build
Coinkeeper,2023-05-23,1,,,,Build
Coinkeeper,2023-05-24,1,,,,Build
Coinkeeper,2023-05-25,1,,,,Build
Coinkeeper,2023-05-26,1,,,,Build
Coinkeeper,2023-05-27,1,,,,Build
Coinkeeper,2023-05-28,1,,,,Build
Coinkeeper,2023-05-29,1,,,,Build
Coinkeeper,2023-05-30,1,,,,Build
Coinkeeper,2023-05-31,1,,,,Build
Coinkeeper,2023-06-01,1,,,,Build
Coinkeeper,2023-06-02,1,,,,Build
Coinkeeper,2023-06-03,1,,,,Build
Coinkeeper,2023-06-04,1,,,,Build
Coinkeeper,2023-06-05,1,,,,Build
Coinkeeper,2023-06-06,1,,,,Build
Coinkeeper,2023-06-07,1,,,,Build
Coinkeeper,2023-06-08,1,,,,Build
Coinkeeper,2023-06-09,1,,,,Build
Coinkeeper,2023-06-10,1,,,,Build
Coinkeeper,2023-06-11,1,,,,Build
Coinkeeper,2023-06-12,1,,,,Build
Coinkeeper,2023-06-13,1,,,,Build
Coinkeeper,2023-06-14,1,,,,Build
Coinkeeper,2023-06-15,0,,,,Build
Coinkeeper,2023-06-16,1,,,,Build
Coinkeeper,2023-06-17,1,,,,Build
Coinkeeper,2023-06-19,1,,,,Build
Coinkeeper,2023-06-21,1,,,,Build
Coinkeeper,2023-06-22,1,,,,Build
Coinkeeper,2023-06-23,1,,,,Build
Coinkeeper,2023-06-27,1,,,,Build
Coinkeeper,2023-07-06,1,,,,Build
Coinkeeper,2023-07-07,1,,,,Build
Coinkeeper,2023-07-10,1,,,,Build
Coinkeeper,2023-07-22,1,,,,Build
Coinkeeper,2023-07-27,1,,,,Build
Coinkeeper,2023-08-06,1,,,,Build
Coinkeeper,2023-08-07,1,,,,Build
Coinkeeper,2023-08-08,1,,,,Build
Coinkeeper,2023-08-15,1,,,,Build
Coinkeeper,2023-08-16,1,,,,Build
Coinkeeper,2023-08-22,1,,,,Build
Coinkeeper,2023-08-23,1,,,,Build
Coinkeeper,2023-08-24,1,,,,Build
Coinkeeper,2023-08-26,1,,,,Build
Coinkeeper,2023-08-28,1,,,,Build
Coinkeeper,2023-08-29,1,,,,Build
Coinkeeper,2023-08-30,1,,,,Build
Coinkeeper,2023-09-04,1,,,,Build
Coinkeeper,2023-09-05,1,,,,Build
Coinkeeper,2023-09-06,1,,,,Build
Coinkeeper,2023-09-07,1,,,,Build
Coinkeeper,2023-09-08,1,,,,Build
Coinkeeper,2023-09-09,1,,,,Build
Coinkeeper,2023-09-13,1,,,,Build
Coinkeeper,2023-09-14,1,,,,Build
Coinkeeper,2023-09-15,1,,,,Build
Coinkeeper,2023-09-17,1,,,,Build
Coinkeeper,2023-09-18,1,,,,Build
Coinkeeper,2023-09-21,1,,,,Build
Coinkeeper,2023-09-23,1,,,,Build
Coinkeeper,2023-09-24,1,,,,Build
Coinkeeper,2023-09-25,1,,,,Build
Coinkeeper,2023-09-26,1,,,,Build
Coinkeeper,2023-09-27,1,,,,Build
Coinkeeper,2023-09-28,1,,,,Build
Coinkeeper,2023-09-29,1,,,,Build
Coinkeeper,2023-09-30,1,,,,Build
Coinkeeper,2023-10-03,1,,,,Build
Coinkeeper,2023-10-10,1,,,,Build
Coinkeeper,2023-10-11,1,,,,Build
Coinkeeper,2023-10-12,1,,,,Build
Coinkeeper,2023-10-13,1,,,,Build
Coinkeeper,2023-10-17,1,,,,Build
Coinkeeper,2023-10-26,1,,,,Build
Coinkeeper,2023-11-04,1,,,,Build
Coinkeeper,2023-11-18,1,,,,Build
Coinkeeper,2023-11-23,1,,,,Build
Coinkeeper,2023-11-27,1,,,,Build
Coinkeeper,2024-02-01,1,,,,Build
Coinkeeper,2024-02-06,1,,,,Build
Coinkeeper,2024-02-07,1,,,,Build
Coinkeeper,2024-02-10,1,,,,Build
Coinkeeper,2024-02-12,1,,,,Build
Coinkeeper,2024-02-13,1,,,,Build
Coinkeeper,2024-02-15,1,,,,Build
Coinkeeper,2024-02-19,1,,,,Build
Coinkeeper,2024-02-23,1,,,,Build
Coinkeeper,2024-02-24,1,,,,Build
Coinkeeper,2024-02-26,1,,,,Build
Coinkeeper,2024-02-27,1,,,,Build
Coinkeeper,2024-02-28,1,,,,Build
Coinkeeper,2024-02-29,1,,,,Build
Coinkeeper,2024-03-03,1,,,,Build
Coinkeeper,2024-03-06,1,,,,Build
Coinkeeper,2024-03-07,1,,,,Build
Coinkeeper,2024-03-19,1,,,,Build
Coinkeeper,2024-03-27,1,,,,Build
Coinkeeper,2024-03-30,1,,,,Build
Coinkeeper,2024-03-31,1,,,,Build
Coinkeeper,2024-04-01,1,,,,Build
Coinkeeper,2024-04-02,1,,,,Build
Coinkeeper,2024-04-03,1,,,,Build
Coinkeeper,2024-04-04,1,,,,Build
Coinkeeper,2024-04-05,1,,,,Build
Coinkeeper,2024-04-06,1,,,,Build
Coinkeeper,2024-04-07,1,,,,Build
Coinkeeper,2024-04-08,1,,,,Build
Coinkeeper,2024-04-09,1,,,,Build
Coinkeeper,2024-04-10,1,,,,Build
Coinkeeper,2024-04-11,1,,,,Build
Coinkeeper,2024-04-12,1,,,,Build
Coinkeeper,2024-04-13,1,,,,Build
Coinkeeper,2024-04-14,1,,,,Build
Coinkeeper,2024-04-15,1,,,,Build
Coinkeeper,2024-04-16,1,,,,Build
Coinkeeper,2024-04-17,1,,,,Build
Coinkeeper,2024-04-18,1,,,,Build
Coinkeeper,2024-04-19,1,,,,Build
Coinkeeper,2024-04-20,1,,,,Build
Coinkeeper,2024-04-21,1,,,,Build
Coinkeeper,2024-04-22,1,,,,Build
Coinkeeper,2024-04-23,1,,,,Build
Coinkeeper,2024-04-24,1,,,,Build
Coinkeeper,2024-04-25,1,,,,Build
Coinkeeper,2024-04-26,1,,,,Build
Coinkeeper,2024-04-27,1,,,,Build
Coinkeeper,2024-04-28,1,,,,Build
Coinkeeper,2024-04-29,1,,,,Build
Coinkeeper,2024-04-30,1,,,,Build
Coinkeeper,2024-05-01,1,,,,Build
Coinkeeper,2024-05-02,1,,,,Build
Coinkeeper,2024-05-03,1,,,,Build
Coinkeeper,2024-05-04,1,,,,Build
Coinkeeper,2024-05-05,1,,,,Build
Coinkeeper,2024-05-06,1,,,,Build
Coinkeeper,2024-05-07,1,,,,Build
Coinkeeper,2024-05-08,1,,,,Build
Coinkeeper,2024-05-09,1,,,,Build
Coinkeeper,2024-05-11,1,,,,Build
Coinkeeper,2024-05-13,1,,,,Build
Coinkeeper,2024-05-14,1,,,,Build
Coinkeeper,2024-05-15,1,,,,Build
Coinkeeper,2024-05-16,1,,,,Build
Coinkeeper,2024-05-17,1,,,,Build
Coinkeeper,2024-05-18,1,,,,Build
Coinkeeper,2024-05-19,1,,,,Build
Coinkeeper,2024-05-21,1,,,,Build
Coinkeeper,2024-05-22,1,,,,Build
Coinkeeper,2024-05-23,1,,,,Build
Coinkeeper,2024-05-27,1,,,,Build
Coinkeeper,2024-05-28,1,,,,Build
Coinkeeper,2024-05-29,1,,,,Build
Coinkeeper,2024-05-30,1,,,,Build
Coinkeeper,2024-05-31,1,,,,Build
Coinkeeper,2024-06-01,1,,,,Build
Coinkeeper,2024-06-02,1,,,,Build
Coinkeeper,2024-06-03,1,,,,Build
Coinkeeper,2024-06-04,1,,,,Build
Coinkeeper,2024-06-05,1,,,,Build
Coinkeeper,2024-06-06,1,,,,Build
Coinkeeper,2024-06-07,1,,,,Build
Coinkeeper,2024-06-08,1,,,,Build
Coinkeeper,2024-06-10,1,,,,Build
Coinkeeper,2024-06-11,1,,,,Build
Coinkeeper,2024-06-20,1,,,,Build
Coinkeeper,2024-06-21,1,,,,Build
Coinkeeper,2024-06-22,1,,,,Build
Coinkeeper,2024-06-23,1,,,,Build
Coinkeeper,2024-06-24,1,,,,Build
Coinkeeper,2024-06-27,1,,,,Build
Coinkeeper,2024-06-28,1,,,,Build
Coinkeeper,2024-06-29,1,,,,Build
Coinkeeper,2024-07-02,1,,,,Build
Coinkeeper,2024-07-04,1,,,,Build
Coinkeeper,2024-07-05,1,,,,Build
Coinkeeper,2024-07-06,1,,,,Build
Coinkeeper,2024-07-07,1,,,,Build
Coinkeeper,2024-07-08,1,,,,Build
Coinkeeper,2024-07-09,1,,,,Build
Coinkeeper,2024-07-10,1,,,,Build
Coinkeeper,2024-07-11,1,,,,Build
Coinkeeper,2024-07-12,1,,,,Build
Coinkeeper,2024-07-13,1,,,,Build
Coinkeeper,2024-07-14,1,,,,Build
Coinkeeper,2024-07-15,1,,,,Build
Coinkeeper,2024-07-16,1,,,,Build
Coinkeeper,2024-07-17,1,,,,Build
Coinkeeper,2024-07-18,1,,,,Build
Coinkeeper,2024-07-19,1,,,,Build
Coinkeeper,2024-07-20,1,,,,Build
Coinkeeper,2024-07-23,1,,,,Build
Coinkeeper,2024-07-24,1,,,,Build
Coinkeeper,2024-07-25,1,,,,Build
Coinkeeper,2024-07-26,1,,,,Build
Coinkeeper,2024-07-27,1,,,,Build
Coinkeeper,2024-07-28,1,,,,Build
Coinkeeper,2024-07-29,1,,,,Build
Coinkeeper,2024-07-30,1,,,,Build
Coinkeeper,2024-07-31,1,,,,Build
Coinkeeper,2024-08-01,1,,,,Build
Coinkeeper,2024-08-02,1,,,,Build
Coinkeeper,2024-08-03,1,,,,Build
Coinkeeper,2024-08-04,1,,,,Build
Coinkeeper,2024-08-05,1,,,,Build
Coinkeeper,2024-08-06,1,,,,Build
Coinkeeper,2024-08-07,1,,,,Build
Coinkeeper,2024-08-08,1,,,,Build
Coinkeeper,2024-08-09,1,,,,Build
Coinkeeper,2024-08-10,1,,,,Build
Coinkeeper,2024-08-11,1,,,,Build
Coinkeeper,2024-08-12,1,,,,Build
Coinkeeper,2024-08-13,1,,,,Build
Coinkeeper,2024-08-14,1,,,,Build
Coinkeeper,2024-08-15,1,,,,Build
Coinkeeper,2024-08-16,1,,,,Build
Coinkeeper,2024-08-17,1,,,,Build
Coinkeeper,2024-08-18,1,,,,Build
Coinkeeper,2024-08-19,1,,,,Build
Coinkeeper,2024-08-20,1,,,,Build
Coinkeeper,2024-08-21,1,,,,Build
Coinkeeper,2024-08-22,1,,,,Build
Coinkeeper,2024-08-23,1,,,,Build
Coinkeeper,2024-08-27,1,,,,Build
Coinkeeper,2024-08-28,1,,,,Build
Coinkeeper,2024-08-29,1,,,,Build
Coinkeeper,2024-08-30,1,,,,Build
Coinkeeper,2024-09-04,1,,,,Build
Coinkeeper,2024-09-05,1,,,,Build
Coinkeeper,2024-09-07,1,,,,Build
Coinkeeper,2024-09-13,1,,,,Build
Coinkeeper,2024-09-25,1,,,,Build
Coinkeeper,2024-09-28,1,,,,Build
Coinkeeper,2024-09-30,1,,,,Build
Coinkeeper,2024-10-04,1,,,,Build
Coinkeeper,2024-10-05,1,,,,Build
Coinkeeper,2024-10-07,1,,,,Build
Coinkeeper,2024-10-08,1,,,,Build
Coinkeeper,2024-10-09,1,,,,Build
Coinkeeper,2024-10-12,1,,,,Build
Coinkeeper,2024-10-14,1,,,,Build
Coinkeeper,2024-10-21,1,,,,Build
Coinkeeper,2024-11-02,1,,,,Build
Coinkeeper,2024-11-06,1,,,,Build
Coinkeeper,2024-11-08,1,,,,Build
Coinkeeper,2024-11-20,1,,,,Build
Coinkeeper,2024-11-22,1,,,,Build
Coinkeeper,2024-11-27,1,,,,Build
Coinkeeper,2024-11-28,1,,,,Build
Coinkeeper,2024-12-01,1,,,,Build
Coinkeeper,2024-12-04,1,,,,Build
Coinkeeper,2024-12-06,1,,,,Build
Coinkeeper,2024-12-08,1,,,,Build
Coinkeeper,2024-12-09,1,,,,Build
Coinkeeper,2024-12-10,1,,,,Build
Coinkeeper,2024-12-11,1,,,,Build
Coinkeeper,2024-12-12,1,,,,Build
Coinkeeper,2024-12-16,1,,,,Build
Coinkeeper,2024-12-18,1,,,,Build
Coinkeeper,2024-12-19,1,,,,Build
Coinkeeper,2024-12-24,1,,,,Build
Coinkeeper,2024-12-26,1,,,,Build
Coinkeeper,2024-12-31,1,,,,Build
Coinkeeper,2025-01-01,1,,,,Build
Coinkeeper,2025-01-02,1,,,,Build
Coinkeeper,2025-01-03,1,,,,Build
Coinkeeper,2025-01-04,1,,,,Build
Coinkeeper,2025-01-05,1,,,,Build
Coinkeeper,2025-01-06,1,,,,Build
Coinkeeper,2025-01-07,1,,,,Build
Coinkeeper,2025-01-08,1,,,,Build
Coinkeeper,2025-01-09,1,,,,Build
Coinkeeper,2025-01-10,1,,,,Build
Coinkeeper,2025-01-11,1,,,,Build
Coinkeeper,2025-01-11,1,,,,Build
Coinkeeper,2025-01-13,1,,,,Build
Coinkeeper,2025-01-14,1,,,,Build
Coinkeeper,2025-01-15,1,,,,Build
Coinkeeper,2025-01-16,1,,,,Build
Coinkeeper,2025-01-17,1,,,,Build
Coinkeeper,2025-01-18,1,,,,Build
Coinkeeper,2025-01-19,1,,,,Build
Coinkeeper,2025-01-20,1,,,,Build
Coinkeeper,2025-01-21,1,,,,Build
Coinkeeper,2025-01-22,1,,,,Build
Coinkeeper,2025-01-24,1,,,,Build
Coinkeeper,2025-01-25,1,,,,Build
Coinkeeper,2025-01-26,1,,,,Build
Coinkeeper,2025-01-27,1,,,,Build
Coinkeeper,2025-01-28,1,,,,Build
Coinkeeper,2025-01-29,1,,,,Build
Coinkeeper,2025-01-30,1,,,,Build
Coinkeeper,2025-01-31,1,,,,Build
Coinkeeper,2025-02-01,1,,,,Build
Coinkeeper,2025-02-02,1,,,,Build
Coinkeeper,2025-02-03,1,,,,Build
Coinkeeper,2025-02-04,1,,,,Build
Coinkeeper,2025-02-05,1,,,,Build
Coinkeeper,2025-02-09,1,,,,Build
Coinkeeper,2025-02-11,1,,,,Build
Coinkeeper,2025-02-16,1,,,,Build
Coinkeeper,2025-02-18,1,,,,Build
Coinkeeper,2025-02-19,1,,,,Build
Coinkeeper,2025-02-22,1,,,,Build
Coinkeeper,2025-02-25,1,,,,Build
Coinkeeper,2025-02-26,1,,,,Build
Coinkeeper,2025-02-27,1,,,,Build
Coinkeeper,2025-03-01,1,,,,Build
Coinkeeper,2025-03-04,1,,,,Build
Coinkeeper,2025-03-07,1,,,,Build
Coinkeeper,2025-03-10,1,,,,Build
Coinkeeper,2025-03-12,1,,,,Build
Coinkeeper,2025-03-18,1,,,,Build
Coinkeeper,2025-03-19,1,,,,Build
Coinkeeper,2025-03-21,1,,,,Build
Coinkeeper,2025-03-22,1,,,,Build
Coinkeeper,2025-03-24,1,,,,Build
Coinkeeper,2025-03-26,1,,,,Build
Coinkeeper,2025-03-27,1,,,,Build
Coinkeeper,2025-03-28,0,,,,Build
Coinkeeper,2025-03-30,1,,,,Build
Coinkeeper,2025-04-06,1,,,,Build
Coinkeeper,2025-04-07,1,,,,Build
Coinkeeper,2025-04-08,1,,,,Build
Coinkeeper,2025-04-09,1,,,,Build
Coinkeeper,2025-04-10,1,,,,Build
Coinkeeper,2025-04-11,1,,,,Build
Coinkeeper,2025-04-12,1,,,,Build
Coinkeeper,2025-04-13,1,,,,Build
Coinkeeper,2025-04-14,1,,,,Build
Coinkeeper,2025-04-15,1,,,,Build
Coinkeeper,2025-04-16,1,,,,Build
Coinkeeper,2025-04-17,1,,,,Build
Coinkeeper,2025-04-18,1,,,,Build
Coinkeeper,2025-04-19,1,,,,Build
Coinkeeper,2025-04-20,1,,,,Build
Coinkeeper,2025-04-21,1,,,,Build
Coinkeeper,2025-04-22,1,,,,Build
Coinkeeper,2025-04-23,1,,,,Build
Coinkeeper,2025-04-24,1,,,,Build
Coinkeeper,2025-04-25,1,,,,Build
Coinkeeper,2025-05-08,1,,,,Build
Coinkeeper,2025-05-09,1,,,,Build
Coinkeeper,2025-05-13,1,,,,Build
Coinkeeper,2025-05-14,1,,,,Build
Coinkeeper,2025-05-15,1,,,,Build
Coinkeeper,2025-05-16,1,,,,Build
Coinkeeper,2025-05-17,1,,,,Build
Coinkeeper,2025-05-18,1,,,,Build
Coinkeeper,2025-05-19,1,,,,Build
Coinkeeper,2025-05-20,1,,,,Build
Coinkeeper,2025-05-21,1,,,,Build
Coinkeeper,2025-05-22,1,,,,Build
Coinkeeper,2025-05-23,1,,,,Build
Coinkeeper,2025-05-24,1,,,,Build
Coinkeeper,2025-05-25,1,,,,Build
Coinkeeper,2025-05-26,1,,,,Build
Coinkeeper,2025-05-27,1,,,,Build
Coinkeeper,2025-05-28,1,,,,Build
Coinkeeper,2025-05-29,1,,,,Build
Coinkeeper,2025-05-30,1,,,,Build
Coinkeeper,2025-05-31,1,,,,Build
Coinkeeper,2025-06-01,1,,,,Build
Coinkeeper,2025-06-02,1,,,,Build
Coinkeeper,2025-06-03,1,,,,Build
Coinkeeper,2025-06-04,1,,,,Build
Coinkeeper,2025-06-05,1,,,,Build
Coinkeeper,2025-06-06,1,,,,Build
Coinkeeper,2025-06-07,1,,,,Build
Coinkeeper,2025-06-09,1,,,,Build
Coinkeeper,2025-06-10,1,,,,Build
Coinkeeper,2025-06-11,1,,,,Build
Coinkeeper,2025-06-12,1,,,,Build
Coinkeeper,2025-06-13,1,,,,Build
Coinkeeper,2025-06-14,1,,,,Build
Coinkeeper,2025-06-15,1,,,,Build
Coinkeeper,2025-06-16,1,,,,Build
Coinkeeper,2025-06-17,1,,,,Build
Coinkeeper,2025-06-18,1,,,,Build
Coinkeeper,2025-06-19,1,,,,Build
Coinkeeper,2025-06-20,1,,,,Build
Coinkeeper,2025-06-21,1,,,,Build
Coinkeeper,2025-06-22,1,,,,Build
Coinkeeper,2025-06-23,1,,,,Build
Coinkeeper,2025-06-24,1,,,,Build
Coinkeeper,2025-06-25,1,,,,Build
Coinkeeper,2025-06-26,1,,,,Build
Coinkeeper,2025-06-27,1,,,,Build
Coinkeeper,2025-06-28,1,,,,Build
Coinkeeper,2025-06-29,1,,,,Build
Coinkeeper,2025-06-30,1,,,,Build
Coinkeeper,2025-07-01,1,,,,Build
Coinkeeper,2025-07-03,1,,,,Build
Coinkeeper,2025-07-04,1,,,,Build
Coinkeeper,2025-07-05,1,,,,Build
Coinkeeper,2025-07-06,1,,,,Build
Coinkeeper,2025-07-07,1,,,,Build
Coinkeeper,2025-07-08,1,,,,Build
Coinkeeper,2025-07-09,1,,,,Build
Coinkeeper,2025-07-10,1,,,,Build
Coinkeeper,2025-07-11,1,,,,Build
Coinkeeper,2025-07-15,1,,,,Build
Coinkeeper,2025-07-16,1,,,,Build
Coinkeeper,2025-07-17,1,,,,Build
Coinkeeper,2025-07-18,1,,,,Build
Coinkeeper,2025-07-19,1,,,,Build
Coinkeeper,2025-07-20,1,,,,Build
Coinkeeper,2025-07-22,1,,,,Build
Coinkeeper,2025-07-23,1,,,,Build
Coinkeeper,2025-07-24,1,,,,Build
Coinkeeper,2025-07-25,1,,,,Build
Coinkeeper,2025-07-26,1,,,,Build
Coinkeeper,2025-07-27,1,,,,Build
Coinkeeper,2025-07-28,1,,,,Build
Coinkeeper,2025-07-29,1,,,,Build
Coinkeeper,2025-07-31,1,,,,Build
Coinkeeper,2025-08-02,1,,,,Build
Badminton | Squash | Volleyball | Yoga | Bouldering | Run l Long walking,2023-05-12,1,,,,Build
Badminton | Squash | Volleyball | Yoga | Bouldering | Run l Long walking,2023-05-13,1,,,,Build
Badminton | Squash | Volleyball | Yoga | Bouldering | Run l Long walking,2023-05-14,1,,,,Build
Badminton | Squash | Volleyball | Yoga | Bouldering | Run l Long walking,2023-05-15,1,,,,Build
Badminton | Squash | Volleyball | Yoga | Bouldering | Run l Long walking,2023-05-16,1,,,,Build
Badminton | Squash | Volleyball | Yoga | Bouldering | Run l Long walking,2023-05-17,1,,,,Build
Badminton | Squash | Volleyball | Yoga | Bouldering | Run l Long walking,2023-05-18,1,,,,Build
Badminton | Squash | Volleyball | Yoga | Bouldering | Run l Long walking,2023-05-19,1,,,,Build
Badminton | Squash | Volleyball | Yoga | Bouldering | Run l Long walking,2023-05-20,1,,,,Build
Badminton | Squash | Volleyball | Yoga | Bouldering | Run l Long walking,2023-05-22,1,,,,Build
Badminton | Squash | Volleyball | Yoga | Bouldering | Run l Long walking,2023-05-23,1,,,,Build
Badminton | Squash | Volleyball | Yoga | Bouldering | Run l Long walking,2023-05-24,1,,,,Build
Badminton | Squash | Volleyball | Yoga | Bouldering | Run l Long walking,2023-05-25,1,,,,Build
Badminton | Squash | Volleyball | Yoga | Bouldering | Run l Long walking,2023-05-26,1,,,,Build
Badminton | Squash | Volleyball | Yoga | Bouldering | Run l Long walking,2023-05-29,1,,,,Build
Badminton | Squash | Volleyball | Yoga | Bouldering | Run l Long walking,2023-05-30,1,,,,Build
Badminton | Squash | Volleyball | Yoga | Bouldering | Run l Long walking,2023-05-31,1,,,,Build
Badminton | Squash | Volleyball | Yoga | Bouldering | Run l Long walking,2023-06-01,1,,,,Build
Badminton | Squash | Volleyball | Yoga | Bouldering | Run l Long walking,2023-06-04,1,,,,Build
Badminton | Squash | Volleyball | Yoga | Bouldering | Run l Long walking,2023-06-05,1,,,,Build
Badminton | Squash | Volleyball | Yoga | Bouldering | Run l Long walking,2023-06-06,1,,,,Build
Badminton | Squash | Volleyball | Yoga | Bouldering | Run l Long walking,2023-06-08,1,,,,Build
Badminton | Squash | Volleyball | Yoga | Bouldering | Run l Long walking,2023-06-13,1,,,,Build
Badminton | Squash | Volleyball | Yoga | Bouldering | Run l Long walking,2023-06-14,1,,,,Build
Badminton | Squash | Volleyball | Yoga | Bouldering | Run l Long walking,2023-06-15,0,,,,Build
Badminton | Squash | Volleyball | Yoga | Bouldering | Run l Long walking,2023-06-16,1,,,,Build
Badminton | Squash | Volleyball | Yoga | Bouldering | Run l Long walking,2023-06-17,1,,,,Build
Badminton | Squash | Volleyball | Yoga | Bouldering | Run l Long walking,2023-06-20,1,,,,Build
Badminton | Squash | Volleyball | Yoga | Bouldering | Run l Long walking,2023-06-22,1,,,,Build
Badminton | Squash | Volleyball | Yoga | Bouldering | Run l Long walking,2023-06-29,1,,,,Build
Badminton | Squash | Volleyball | Yoga | Bouldering | Run l Long walking,2023-07-09,1,,,,Build
Badminton | Squash | Volleyball | Yoga | Bouldering | Run l Long walking,2023-07-11,1,,,,Build
Badminton | Squash | Volleyball | Yoga | Bouldering | Run l Long walking,2023-07-22,1,,,,Build
Badminton | Squash | Volleyball | Yoga | Bouldering | Run l Long walking,2023-07-27,1,,,,Build
Badminton | Squash | Volleyball | Yoga | Bouldering | Run l Long walking,2023-08-22,1,,,,Build
Badminton | Squash | Volleyball | Yoga | Bouldering | Run l Long walking,2023-08-24,1,,,,Build
Badminton | Squash | Volleyball | Yoga | Bouldering | Run l Long walking,2023-08-28,1,,,,Build
Badminton | Squash | Volleyball | Yoga | Bouldering | Run l Long walking,2023-08-29,1,,,,Build
Badminton | Squash | Volleyball | Yoga | Bouldering | Run l Long walking,2023-08-30,1,,,,Build
Badminton | Squash | Volleyball | Yoga | Bouldering | Run l Long walking,2023-09-01,1,,,,Build
Badminton | Squash | Volleyball | Yoga | Bouldering | Run l Long walking,2023-09-02,1,,,,Build
Badminton | Squash | Volleyball | Yoga | Bouldering | Run l Long walking,2023-09-04,1,,,,Build
Badminton | Squash | Volleyball | Yoga | Bouldering | Run l Long walking,2023-09-08,1,,,,Build
Badminton | Squash | Volleyball | Yoga | Bouldering | Run l Long walking,2023-09-09,1,,,,Build
Badminton | Squash | Volleyball | Yoga | Bouldering | Run l Long walking,2023-09-12,1,,,,Build
Badminton | Squash | Volleyball | Yoga | Bouldering | Run l Long walking,2023-09-14,1,,,,Build
Badminton | Squash | Volleyball | Yoga | Bouldering | Run l Long walking,2023-09-18,1,,,,Build
Badminton | Squash | Volleyball | Yoga | Bouldering | Run l Long walking,2023-09-21,1,,,,Build
Badminton | Squash | Volleyball | Yoga | Bouldering | Run l Long walking,2023-09-24,1,,,,Build
Badminton | Squash | Volleyball | Yoga | Bouldering | Run l Long walking,2023-09-25,1,,,,Build
Badminton | Squash | Volleyball | Yoga | Bouldering | Run l Long walking,2023-09-26,1,,,,Build
Badminton | Squash | Volleyball | Yoga | Bouldering | Run l Long walking,2023-09-27,1,,,,Build
Badminton | Squash | Volleyball | Yoga | Bouldering | Run l Long walking,2023-09-28,1,,,,Build
Badminton | Squash | Volleyball | Yoga | Bouldering | Run l Long walking,2023-09-30,1,,,,Build
Badminton | Squash | Volleyball | Yoga | Bouldering | Run l Long walking,2023-10-02,1,,,,Build
Badminton | Squash | Volleyball | Yoga | Bouldering | Run l Long walking,2023-10-03,1,,,,Build
Badminton | Squash | Volleyball | Yoga | Bouldering | Run l Long walking,2023-10-04,1,,,,Build
Badminton | Squash | Volleyball | Yoga | Bouldering | Run l Long walking,2024-02-06,1,,,,Build
Badminton | Squash | Volleyball | Yoga | Bouldering | Run l Long walking,2024-02-07,1,,,,Build
Badminton | Squash | Volleyball | Yoga | Bouldering | Run l Long walking,2024-02-10,1,,,,Build
Badminton | Squash | Volleyball | Yoga | Bouldering | Run l Long walking,2024-02-11,1,,,,Build
Badminton | Squash | Volleyball | Yoga | Bouldering | Run l Long walking,2024-02-13,1,,,,Build
Badminton | Squash | Volleyball | Yoga | Bouldering | Run l Long walking,2024-02-14,1,,,,Build
Badminton | Squash | Volleyball | Yoga | Bouldering | Run l Long walking,2024-02-15,1,,,,Build
Badminton | Squash | Volleyball | Yoga | Bouldering | Run l Long walking,2024-02-16,1,,,,Build
Badminton | Squash | Volleyball | Yoga | Bouldering | Run l Long walking,2024-02-17,0,,,,Build
Badminton | Squash | Volleyball | Yoga | Bouldering | Run l Long walking,2024-02-19,1,,,,Build
Badminton | Squash | Volleyball | Yoga | Bouldering | Run l Long walking,2024-02-20,1,,,,Build
Badminton | Squash | Volleyball | Yoga | Bouldering | Run l Long walking,2024-02-23,1,,,,Build
Badminton | Squash | Volleyball | Yoga | Bouldering | Run l Long walking,2024-02-29,1,,,,Build
Badminton | Squash | Volleyball | Yoga | Bouldering | Run l Long walking,2024-03-07,1,,,,Build
Badminton | Squash | Volleyball | Yoga | Bouldering | Run l Long walking,2024-03-31,1,,,,Build
Badminton | Squash | Volleyball | Yoga | Bouldering | Run l Long walking,2024-04-06,1,,,,Build
Badminton | Squash | Volleyball | Yoga | Bouldering | Run l Long walking,2024-04-07,1,,,,Build
Badminton | Squash | Volleyball | Yoga | Bouldering | Run l Long walking,2024-04-08,1,,,,Build
Badminton | Squash | Volleyball | Yoga | Bouldering | Run l Long walking,2024-04-10,1,,,,Build
Badminton | Squash | Volleyball | Yoga | Bouldering | Run l Long walking,2024-04-11,1,,,,Build
Badminton | Squash | Volleyball | Yoga | Bouldering | Run l Long walking,2024-04-13,1,,,,Build
Badminton | Squash | Volleyball | Yoga | Bouldering | Run l Long walking,2024-04-14,1,,,,Build
Badminton | Squash | Volleyball | Yoga | Bouldering | Run l Long walking,2024-04-15,1,,,,Build
Badminton | Squash | Volleyball | Yoga | Bouldering | Run l Long walking,2024-04-17,1,,,,Build
Badminton | Squash | Volleyball | Yoga | Bouldering | Run l Long walking,2024-04-19,1,,,,Build
Badminton | Squash | Volleyball | Yoga | Bouldering | Run l Long walking,2024-04-20,1,,,,Build
Badminton | Squash | Volleyball | Yoga | Bouldering | Run l Long walking,2024-04-21,1,,,,Build
Badminton | Squash | Volleyball | Yoga | Bouldering | Run l Long walking,2024-04-22,1,,,,Build
Badminton | Squash | Volleyball | Yoga | Bouldering | Run l Long walking,2024-04-23,1,,,,Build
Badminton | Squash | Volleyball | Yoga | Bouldering | Run l Long walking,2024-04-25,1,,,,Build
Badminton | Squash | Volleyball | Yoga | Bouldering | Run l Long walking,2024-04-26,1,,,,Build
Badminton | Squash | Volleyball | Yoga | Bouldering | Run l Long walking,2024-04-27,1,,,,Build
Badminton | Squash | Volleyball | Yoga | Bouldering | Run l Long walking,2024-04-28,1,,,,Build
Badminton | Squash | Volleyball | Yoga | Bouldering | Run l Long walking,2024-04-29,1,,,,Build
Badminton | Squash | Volleyball | Yoga | Bouldering | Run l Long walking,2024-04-30,1,,,,Build
Badminton | Squash | Volleyball | Yoga | Bouldering | Run l Long walking,2024-05-01,1,,,,Build
Badminton | Squash | Volleyball | Yoga | Bouldering | Run l Long walking,2024-05-02,1,,,,Build
Badminton | Squash | Volleyball | Yoga | Bouldering | Run l Long walking,2024-05-04,1,,,,Build
Badminton | Squash | Volleyball | Yoga | Bouldering | Run l Long walking,2024-05-05,1,,,,Build
Badminton | Squash | Volleyball | Yoga | Bouldering | Run l Long walking,2024-05-06,1,,,,Build
Badminton | Squash | Volleyball | Yoga | Bouldering | Run l Long walking,2024-05-07,1,,,,Build
Badminton | Squash | Volleyball | Yoga | Bouldering | Run l Long walking,2024-05-08,1,,,,Build
Badminton | Squash | Volleyball | Yoga | Bouldering | Run l Long walking,2024-05-13,1,,,,Build
Badminton | Squash | Volleyball | Yoga | Bouldering | Run l Long walking,2024-05-15,1,,,,Build
Badminton | Squash | Volleyball | Yoga | Bouldering | Run l Long walking,2024-05-16,1,,,,Build
Badminton | Squash | Volleyball | Yoga | Bouldering | Run l Long walking,2024-05-17,1,,,,Build
Badminton | Squash | Volleyball | Yoga | Bouldering | Run l Long walking,2024-05-18,1,,,,Build
Badminton | Squash | Volleyball | Yoga | Bouldering | Run l Long walking,2024-05-19,1,,,,Build
Badminton | Squash | Volleyball | Yoga | Bouldering | Run l Long walking,2024-05-20,1,,,,Build
Badminton | Squash | Volleyball | Yoga | Bouldering | Run l Long walking,2024-05-21,1,,,,Build
Badminton | Squash | Volleyball | Yoga | Bouldering | Run l Long walking,2024-05-26,1,,,,Build
Badminton | Squash | Volleyball | Yoga | Bouldering | Run l Long walking,2024-05-27,1,,,,Build
Badminton | Squash | Volleyball | Yoga | Bouldering | Run l Long walking,2024-05-28,1,,,,Build
Badminton | Squash | Volleyball | Yoga | Bouldering | Run l Long walking,2024-05-29,1,,,,Build
Badminton | Squash | Volleyball | Yoga | Bouldering | Run l Long walking,2024-05-31,1,,,,Build
Badminton | Squash | Volleyball | Yoga | Bouldering | Run l Long walking,2024-06-01,1,,,,Build
Badminton | Squash | Volleyball | Yoga | Bouldering | Run l Long walking,2024-06-03,1,,,,Build
Badminton | Squash | Volleyball | Yoga | Bouldering | Run l Long walking,2024-06-04,1,,,,Build
Badminton | Squash | Volleyball | Yoga | Bouldering | Run l Long walking,2024-06-05,1,,,,Build
Badminton | Squash | Volleyball | Yoga | Bouldering | Run l Long walking,2024-06-06,1,,,,Build
Badminton | Squash | Volleyball | Yoga | Bouldering | Run l Long walking,2024-06-08,1,,,,Build
Badminton | Squash | Volleyball | Yoga | Bouldering | Run l Long walking,2024-06-11,1,,,,Build
Badminton | Squash | Volleyball | Yoga | Bouldering | Run l Long walking,2024-06-18,1,,,,Build
Badminton | Squash | Volleyball | Yoga | Bouldering | Run l Long walking,2024-06-20,1,,,,Build
Badminton | Squash | Volleyball | Yoga | Bouldering | Run l Long walking,2024-06-24,1,,,,Build
Badminton | Squash | Volleyball | Yoga | Bouldering | Run l Long walking,2024-06-25,1,,,,Build
Badminton | Squash | Volleyball | Yoga | Bouldering | Run l Long walking,2024-06-26,0,,,,Build
Badminton | Squash | Volleyball | Yoga | Bouldering | Run l Long walking,2024-06-27,1,,,,Build
Badminton | Squash | Volleyball | Yoga | Bouldering | Run l Long walking,2024-06-29,1,,,,Build
Badminton | Squash | Volleyball | Yoga | Bouldering | Run l Long walking,2024-07-02,0,,,,Build
Badminton | Squash | Volleyball | Yoga | Bouldering | Run l Long walking,2024-07-15,1,,,,Build
Badminton | Squash | Volleyball | Yoga | Bouldering | Run l Long walking,2024-07-16,1,,,,Build
Badminton | Squash | Volleyball | Yoga | Bouldering | Run l Long walking,2024-07-17,1,,,,Build
Badminton | Squash | Volleyball | Yoga | Bouldering | Run l Long walking,2024-07-18,1,,,,Build
Badminton | Squash | Volleyball | Yoga | Bouldering | Run l Long walking,2024-07-21,1,,,,Build
Badminton | Squash | Volleyball | Yoga | Bouldering | Run l Long walking,2024-07-23,1,,,,Build
Badminton | Squash | Volleyball | Yoga | Bouldering | Run l Long walking,2024-07-25,1,,,,Build
Badminton | Squash | Volleyball | Yoga | Bouldering | Run l Long walking,2024-07-30,1,,,,Build
Badminton | Squash | Volleyball | Yoga | Bouldering | Run l Long walking,2024-08-03,1,,,,Build
Badminton | Squash | Volleyball | Yoga | Bouldering | Run l Long walking,2024-08-06,1,,,,Build
Badminton | Squash | Volleyball | Yoga | Bouldering | Run l Long walking,2024-08-07,1,,,,Build
Badminton | Squash | Volleyball | Yoga | Bouldering | Run l Long walking,2024-08-08,1,,,,Build
Badminton | Squash | Volleyball | Yoga | Bouldering | Run l Long walking,2024-08-09,1,,,,Build
Badminton | Squash | Volleyball | Yoga | Bouldering | Run l Long walking,2024-08-10,1,,,,Build
Badminton | Squash | Volleyball | Yoga | Bouldering | Run l Long walking,2024-08-11,1,,,,Build
Badminton | Squash | Volleyball | Yoga | Bouldering | Run l Long walking,2024-08-12,1,,,,Build
Badminton | Squash | Volleyball | Yoga | Bouldering | Run l Long walking,2024-08-13,1,,,,Build
Badminton | Squash | Volleyball | Yoga | Bouldering | Run l Long walking,2024-08-14,1,,,,Build
Badminton | Squash | Volleyball | Yoga | Bouldering | Run l Long walking,2024-08-15,1,,,,Build
Badminton | Squash | Volleyball | Yoga | Bouldering | Run l Long walking,2024-08-16,1,,,,Build
Badminton | Squash | Volleyball | Yoga | Bouldering | Run l Long walking,2024-08-19,1,,,,Build
Badminton | Squash | Volleyball | Yoga | Bouldering | Run l Long walking,2024-08-20,1,,,,Build
Badminton | Squash | Volleyball | Yoga | Bouldering | Run l Long walking,2024-08-21,1,,,,Build
Badminton | Squash | Volleyball | Yoga | Bouldering | Run l Long walking,2024-08-22,1,,,,Build
Badminton | Squash | Volleyball | Yoga | Bouldering | Run l Long walking,2024-08-27,1,,,,Build
Badminton | Squash | Volleyball | Yoga | Bouldering | Run l Long walking,2024-08-29,1,,,,Build
Badminton | Squash | Volleyball | Yoga | Bouldering | Run l Long walking,2024-08-31,1,,,,Build
Badminton | Squash | Volleyball | Yoga | Bouldering | Run l Long walking,2024-09-01,1,,,,Build
Badminton | Squash | Volleyball | Yoga | Bouldering | Run l Long walking,2024-09-02,1,,,,Build
Badminton | Squash | Volleyball | Yoga | Bouldering | Run l Long walking,2024-09-03,1,,,,Build
Badminton | Squash | Volleyball | Yoga | Bouldering | Run l Long walking,2024-09-04,1,,,,Build
Badminton | Squash | Volleyball | Yoga | Bouldering | Run l Long walking,2024-09-10,1,,,,Build
Badminton | Squash | Volleyball | Yoga | Bouldering | Run l Long walking,2024-09-11,1,,,,Build
Badminton | Squash | Volleyball | Yoga | Bouldering | Run l Long walking,2024-09-29,1,,,,Build
Badminton | Squash | Volleyball | Yoga | Bouldering | Run l Long walking,2024-09-30,1,,,,Build
Badminton | Squash | Volleyball | Yoga | Bouldering | Run l Long walking,2024-10-01,1,,,,Build
Badminton | Squash | Volleyball | Yoga | Bouldering | Run l Long walking,2024-10-02,1,,,,Build
Badminton | Squash | Volleyball | Yoga | Bouldering | Run l Long walking,2024-10-03,1,,,,Build
Badminton | Squash | Volleyball | Yoga | Bouldering | Run l Long walking,2024-10-04,1,,,,Build
Badminton | Squash | Volleyball | Yoga | Bouldering | Run l Long walking,2024-10-08,1,,,,Build
Badminton | Squash | Volleyball | Yoga | Bouldering | Run l Long walking,2024-11-05,1,,,,Build
Badminton | Squash | Volleyball | Yoga | Bouldering | Run l Long walking,2024-11-16,1,,,,Build
Badminton | Squash | Volleyball | Yoga | Bouldering | Run l Long walking,2024-11-23,1,,,,Build
Badminton | Squash | Volleyball | Yoga | Bouldering | Run l Long walking,2024-11-24,1,,,,Build
Badminton | Squash | Volleyball | Yoga | Bouldering | Run l Long walking,2024-12-07,1,,,,Build
Badminton | Squash | Volleyball | Yoga | Bouldering | Run l Long walking,2025-01-09,1,,,,Build
Badminton | Squash | Volleyball | Yoga | Bouldering | Run l Long walking,2025-01-11,1,,,,Build
Badminton | Squash | Volleyball | Yoga | Bouldering | Run l Long walking,2025-01-15,1,,,,Build
Badminton | Squash | Volleyball | Yoga | Bouldering | Run l Long walking,2025-01-18,1,,,,Build
Badminton | Squash | Volleyball | Yoga | Bouldering | Run l Long walking,2025-02-12,1,,,,Build
Badminton | Squash | Volleyball | Yoga | Bouldering | Run l Long walking,2025-02-17,1,,,,Build
Badminton | Squash | Volleyball | Yoga | Bouldering | Run l Long walking,2025-02-23,1,,,,Build
Badminton | Squash | Volleyball | Yoga | Bouldering | Run l Long walking,2025-02-24,1,,,,Build
Badminton | Squash | Volleyball | Yoga | Bouldering | Run l Long walking,2025-02-27,1,,,,Build
Badminton | Squash | Volleyball | Yoga | Bouldering | Run l Long walking,2025-02-28,1,,,,Build
Badminton | Squash | Volleyball | Yoga | Bouldering | Run l Long walking,2025-03-02,1,,,,Build
Badminton | Squash | Volleyball | Yoga | Bouldering | Run l Long walking,2025-03-04,1,,,,Build
Badminton | Squash | Volleyball | Yoga | Bouldering | Run l Long walking,2025-03-05,1,,,,Build
Badminton | Squash | Volleyball | Yoga | Bouldering | Run l Long walking,2025-03-07,1,,,,Build
Badminton | Squash | Volleyball | Yoga | Bouldering | Run l Long walking,2025-03-20,1,,,,Build
Badminton | Squash | Volleyball | Yoga | Bouldering | Run l Long walking,2025-06-02,1,,,,Build
Badminton | Squash | Volleyball | Yoga | Bouldering | Run l Long walking,2025-06-03,1,,,,Build
Badminton | Squash | Volleyball | Yoga | Bouldering | Run l Long walking,2025-06-04,1,,,,Build
Badminton | Squash | Volleyball | Yoga | Bouldering | Run l Long walking,2025-06-07,1,,,,Build
Badminton | Squash | Volleyball | Yoga | Bouldering | Run l Long walking,2025-06-09,1,,,,Build
Badminton | Squash | Volleyball | Yoga | Bouldering | Run l Long walking,2025-06-12,1,,,,Build
Badminton | Squash | Volleyball | Yoga | Bouldering | Run l Long walking,2025-06-16,1,,,,Build
Badminton | Squash | Volleyball | Yoga | Bouldering | Run l Long walking,2025-06-17,1,,,,Build
Badminton | Squash | Volleyball | Yoga | Bouldering | Run l Long walking,2025-06-18,1,,,,Build
Badminton | Squash | Volleyball | Yoga | Bouldering | Run l Long walking,2025-06-19,1,,,,Build
Badminton | Squash | Volleyball | Yoga | Bouldering | Run l Long walking,2025-06-22,1,,,,Build
Badminton | Squash | Volleyball | Yoga | Bouldering | Run l Long walking,2025-06-23,1,,,,Build
Badminton | Squash | Volleyball | Yoga | Bouldering | Run l Long walking,2025-06-25,1,,,,Build
Badminton | Squash | Volleyball | Yoga | Bouldering | Run l Long walking,2025-06-30,1,,,,Build
Badminton | Squash | Volleyball | Yoga | Bouldering | Run l Long walking,2025-07-02,1,,,,Build
Badminton | Squash | Volleyball | Yoga | Bouldering | Run l Long walking,2025-07-07,1,,,,Build
Badminton | Squash | Volleyball | Yoga | Bouldering | Run l Long walking,2025-07-08,1,,,,Build
Badminton | Squash | Volleyball | Yoga | Bouldering | Run l Long walking,2025-07-16,1,,,,Build
Badminton | Squash | Volleyball | Yoga | Bouldering | Run l Long walking,2025-07-23,1,,,,Build
Badminton | Squash | Volleyball | Yoga | Bouldering | Run l Long walking,2025-07-25,1,,,,Build
Badminton | Squash | Volleyball | Yoga | Bouldering | Run l Long walking,2025-07-28,1,,,,Build
Badminton | Squash | Volleyball | Yoga | Bouldering | Run l Long walking,2025-07-30,1,,,,Build
Push ups,2023-02-09,20,,,,Build
Push ups,2023-02-14,20,,,,Build
Push ups,2023-02-15,20,,,,Build
Push ups,2023-02-16,20,,,,Build
Push ups,2023-02-17,20,,,,Build
Push ups,2023-02-18,20,,,,Build
Push ups,2023-02-22,20,,,,Build
Push ups,2023-02-23,20,,,,Build
Push ups,2023-02-24,40,,,,Build
Push ups,2023-02-25,20,,,,Build
Push ups,2023-02-26,20,,,,Build
Push ups,2023-02-27,20,,,,Build
Push ups,2023-02-28,20,,,,Build
Push ups,2023-03-01,20,,,,Build
Push ups,2023-03-02,20,,,,Build
Push ups,2023-03-03,25,,,,Build
Push ups,2023-03-05,20,,,,Build
Push ups,2023-03-07,20,,,,Build
Push ups,2023-03-08,20,,,,Build
Push ups,2023-03-09,20,,,,Build
Push ups,2023-03-10,40,,,,Build
Push ups,2023-03-11,45,,,,Build
Push ups,2023-03-12,20,,,,Build
Push ups,2023-03-13,20,,,,Build
Push ups,2023-03-14,20,,,,Build
Push ups,2023-03-19,20,,,,Build
Push ups,2023-03-20,20,,,,Build
Push ups,2023-03-21,20,,,,Build
Push ups,2023-03-22,40,,,,Build
Push ups,2023-03-23,20,,,,Build
Push ups,2023-03-24,20,,,,Build
Push ups,2023-03-25,20,,,,Build
Push ups,2023-03-26,20,,,,Build
Push ups,2023-03-27,50,,,,Build
Push ups,2023-03-28,20,,,,Build
Push ups,2023-03-29,50,,,,Build
Push ups,2023-03-30,50,,,,Build
Push ups,2023-03-31,20,,,,Build
Push ups,2023-04-02,25,,,,Build
Push ups,2023-04-03,25,,,,Build
Push ups,2023-04-04,55,,,,Build
Push ups,2023-04-05,55,,,,Build
Push ups,2023-04-06,25,,,,Build
Push ups,2023-04-07,25,,,,Build
Push ups,2023-04-08,25,,,,Build
Push ups,2023-04-09,25,,,,Build
Push ups,2023-04-10,25,,,,Build
Push ups,2023-04-11,25,,,,Build
Push ups,2023-04-12,25,,,,Build
Push ups,2023-04-13,25,,,,Build
Push ups,2023-04-14,25,,,,Build
Push ups,2023-04-15,25,,,,Build
Push ups,2023-04-16,25,,,,Build
Push ups,2023-04-17,25,,,,Build
Push ups,2023-04-18,25,,,,Build
Push ups,2023-04-19,25,,,,Build
Push ups,2023-04-20,25,,,,Build
Push ups,2023-04-21,25,,,,Build
Push ups,2023-04-22,25,,,,Build
Push ups,2023-04-23,25,,,,Build
Push ups,2023-04-24,25,,,,Build
Push ups,2023-04-25,25,,,,Build
Push ups,2023-04-26,25,,,,Build
Push ups,2023-04-27,25,,,,Build
Push ups,2023-04-28,55,,,,Build
Push ups,2023-04-29,25,,,,Build
Push ups,2023-04-30,25,,,,Build
Push ups,2023-05-01,30,,,,Build
Push ups,2023-05-02,30,,,,Build
Push ups,2023-05-03,50,,,,Build
Push ups,2023-05-04,30,,,,Build
Push ups,2023-05-05,30,,,,Build
Push ups,2023-05-06,30,,,,Build
Push ups,2023-05-07,30,,,,Build
Push ups,2023-05-08,30,,,,Build
Push ups,2023-05-09,30,,,,Build
Push ups,2023-05-10,30,,,,Build
Push ups,2023-05-11,30,,,,Build
Push ups,2023-05-12,30,,,,Build
Push ups,2023-05-13,30,,,,Build
Push ups,2023-05-14,30,,,,Build
Push ups,2023-05-15,30,,,,Build
Push ups,2023-05-16,30,,,,Build
Push ups,2023-05-17,30,,,,Build
Push ups,2023-05-18,30,,,,Build
Push ups,2023-05-19,30,,,,Build
Push ups,2023-05-20,30,,,,Build
Push ups,2023-05-21,30,,,,Build
Push ups,2023-05-22,30,,,,Build
Push ups,2023-05-23,30,,,,Build
Push ups,2023-05-24,30,,,,Build
Push ups,2023-05-25,30,,,,Build
Push ups,2023-05-26,30,,,,Build
Push ups,2023-05-27,30,,,,Build
Push ups,2023-05-28,30,,,,Build
Push ups,2023-05-29,30,,,,Build
Push ups,2023-05-30,30,,,,Build
Push ups,2023-05-31,30,,,,Build
Push ups,2023-06-01,30,,,,Build
Push ups,2023-06-02,30,,,,Build
Push ups,2023-06-03,30,,,,Build
Push ups,2023-06-04,30,,,,Build
Push ups,2023-06-05,30,,,,Build
Push ups,2023-06-06,30,,,,Build
Push ups,2023-06-07,30,,,,Build
Push ups,2023-06-08,30,,,,Build
Push ups,2023-06-09,30,,,,Build
Push ups,2023-06-10,30,,,,Build
Push ups,2023-06-11,30,,,,Build
Push ups,2023-06-12,30,,,,Build
Push ups,2023-06-12,30,,,,Build
Push ups,2023-06-13,0,,,,Build
Push ups,2023-06-21,30,,,,Build
Push ups,2023-06-22,30,,,,Build
Push ups,2023-06-27,30,,,,Build
Push ups,2023-07-06,10,,,,Build
Push ups,2023-07-07,15,,,,Build
Push ups,2023-07-10,20,,,,Build
Push ups,2023-07-22,20,,,,Build
Push ups,2023-07-23,20,,,,Build
Push ups,2023-07-27,15,,,,Build
Push ups,2023-08-06,10,,,,Build
Push ups,2023-08-07,15,,,,Build
Push ups,2023-08-08,20,,,,Build
Push ups,2023-08-15,10,,,,Build
Push ups,2023-08-24,20,,,,Build
Push ups,2023-08-31,20,,,,Build
Push ups,2023-09-18,20,,,,Build
Push ups,2023-09-24,10,,,,Build
Push ups,2023-09-25,20,,,,Build
Push ups,2023-09-26,20,,,,Build
Push ups,2023-09-28,20,,,,Build
Push ups,2023-09-30,20,,,,Build
Push ups,2023-10-03,20,,,,Build
Push ups,2023-10-13,15,,,,Build
Push ups,2024-02-06,10,,,,Build
Push ups,2024-02-07,10,,,,Build
Push ups,2024-02-10,15,,,,Build
Push ups,2024-02-12,20,,,,Build
Push ups,2024-02-13,5,,,,Build
Push ups,2024-02-15,5,,,,Build
Push ups,2024-02-19,5,,,,Build
Push ups,2024-02-23,5,,,,Build
Push ups,2024-02-26,10,,,,Build
Push ups,2024-02-27,10,,,,Build
Push ups,2024-02-29,15,,,,Build
Push ups,2024-03-30,10,,,,Build
Push ups,2024-03-31,10,,,,Build
Push ups,2024-04-01,15,,,,Build
Push ups,2024-04-02,15,,,,Build
Push ups,2024-04-03,15,,,,Build
Push ups,2024-04-04,15,,,,Build
Push ups,2024-04-05,15,,,,Build
Push ups,2024-04-06,15,,,,Build
Push ups,2024-04-07,20,,,,Build
Push ups,2024-04-08,20,,,,Build
Push ups,2024-04-09,20,,,,Build
Push ups,2024-04-10,20,,,,Build
Push ups,2024-04-11,20,,,,Build
Push ups,2024-04-12,20,,,,Build
Push ups,2024-04-13,20,,,,Build
Push ups,2024-04-14,20,,,,Build
Push ups,2024-04-15,20,,,,Build
Push ups,2024-04-16,20,,,,Build
Push ups,2024-04-17,20,,,,Build
Push ups,2024-04-18,20,,,,Build
Push ups,2024-04-19,20,,,,Build
Push ups,2024-04-20,20,,,,Build
Push ups,2024-04-21,20,,,,Build
Push ups,2024-04-22,20,,,,Build
Push ups,2024-04-23,40,,,,Build
Push ups,2024-04-24,20,,,,Build
Push ups,2024-04-25,50,,,,Build
Push ups,2024-04-26,20,,,,Build
Push ups,2024-04-27,20,,,,Build
Push ups,2024-04-28,20,,,,Build
Push ups,2024-04-29,20,,,,Build
Push ups,2024-04-30,50,,,,Build
Push ups,2024-05-01,20,,,,Build
Push ups,2024-05-02,40,,,,Build
Push ups,2024-05-03,20,,,,Build
Push ups,2024-05-04,20,,,,Build
Push ups,2024-05-06,20,,,,Build
Push ups,2024-05-07,20,,,,Build
Push ups,2024-05-08,5,,,,Build
Push ups,2024-05-14,10,,,,Build
Push ups,2024-05-15,15,,,,Build
Push ups,2024-05-16,15,,,,Build
Push ups,2024-05-17,20,,,,Build
Push ups,2024-05-21,30,,,,Build
Push ups,2024-05-28,45,,,,Build
Push ups,2024-06-06,10,,,,Build
Push ups,2024-06-11,20,,,,Build
Push ups,2024-06-18,30,,,,Build
Push ups,2024-06-20,25,,,,Build
Push ups,2024-06-21,10,,,,Build
Push ups,2024-06-22,10,,,,Build
Push ups,2024-06-23,15,,,,Build
Push ups,2024-06-24,20,,,,Build
Push ups,2024-06-25,37,,,,Build
Push ups,2024-06-26,0,,,,Build
Push ups,2024-06-27,65,,,,Build
Push ups,2024-06-28,20,,,,Build
Push ups,2024-07-08,30,,,,Build
Push ups,2024-07-09,40,,,,Build
Push ups,2024-07-10,20,,,,Build
Push ups,2024-07-11,20,,,,Build
Push ups,2024-07-12,20,,,,Build
Push ups,2024-07-13,20,,,,Build
Push ups,2024-07-14,20,,,,Build
Push ups,2024-07-15,25,,,,Build
Push ups,2024-07-16,25,,,,Build
Push ups,2024-07-17,20,,,,Build
Push ups,2024-07-18,20,,,,Build
Push ups,2024-07-22,10,,,,Build
Push ups,2024-07-23,50,,,,Build
Push ups,2024-07-24,20,,,,Build
Push ups,2024-07-25,20,,,,Build
Push ups,2024-07-26,20,,,,Build
Push ups,2024-07-27,10,,,,Build
Push ups,2024-07-28,10,,,,Build
Push ups,2024-07-29,10,,,,Build
Push ups,2024-07-30,10,,,,Build
Push ups,2024-07-31,20,,,,Build
Push ups,2024-08-01,20,,,,Build
Push ups,2024-08-02,20,,,,Build
Push ups,2024-08-03,20,,,,Build
Push ups,2024-08-04,20,,,,Build
Push ups,2024-08-05,20,,,,Build
Push ups,2024-08-06,20,,,,Build
Push ups,2024-08-07,20,,,,Build
Push ups,2024-08-08,40,,,,Build
Push ups,2024-08-09,20,,,,Build
Push ups,2024-08-10,20,,,,Build
Push ups,2024-08-12,20,,,,Build
Push ups,2024-08-13,20,,,,Build
Push ups,2024-08-17,15,,,,Build
Push ups,2024-08-19,20,,,,Build
Push ups,2024-08-20,45,,,,Build
Push ups,2024-08-21,45,,,,Build
Push ups,2024-08-22,30,,,,Build
Push ups,2024-08-27,35,,,,Build
Push ups,2024-08-29,50,,,,Build
Push ups,2024-08-30,5,,,,Build
Push ups,2024-09-03,5,,,,Build
Push ups,2024-11-16,10,,,,Build
Push ups,2024-11-23,10,,,,Build
Push ups,2024-12-05,10,,,,Build
Push ups,2024-12-09,10,,,,Build
Push ups,2024-12-10,10,,,,Build
Push ups,2024-12-31,10,,,,Build
Push ups,2025-01-01,10,,,,Build
Push ups,2025-01-02,10,,,,Build
Push ups,2025-01-03,10,,,,Build
Push ups,2025-01-04,10,,,,Build
Push ups,2025-01-05,15,,,,Build
Push ups,2025-01-06,15,,,,Build
Push ups,2025-01-07,15,,,,Build
Push ups,2025-01-08,15,,,,Build
Push ups,2025-01-09,10,,,,Build
Push ups,2025-01-10,15,,,,Build
Push ups,2025-01-11,15,,,,Build
Push ups,2025-01-12,15,,,,Build
Push ups,2025-01-13,15,,,,Build
Push ups,2025-01-13,15,,,,Build
Push ups,2025-01-15,30,,,,Build
Push ups,2025-01-16,15,,,,Build
Push ups,2025-01-17,15,,,,Build
Push ups,2025-01-17,15,,,,Build
Push ups,2025-02-18,10,,,,Build
Push ups,2025-02-22,10,,,,Build
Push ups,2025-02-27,10,,,,Build
Push ups,2025-05-27,10,,,,Build
Push ups,2025-05-29,10,,,,Build
Push ups,2025-05-30,10,,,,Build
Push ups,2025-05-31,10,,,,Build
Push ups,2025-06-02,10,,,,Build
Push ups,2025-06-04,10,,,,Build
Push ups,2025-06-09,10,,,,Build
Push ups,2025-06-17,10,,,,Build
Push ups,2025-06-18,10,,,,Build
Push ups,2025-07-07,11,,,,Build
Push ups,2025-07-08,10,,,,Build
Push ups,2025-07-28,10,,,,Build
Plank,2023-02-08,40,sec,,,Build
Plank,2023-02-09,40,sec,,,Build
Plank,2023-02-14,40,sec,,,Build
Plank,2023-02-15,45,sec,,,Build
Plank,2023-02-16,45,sec,,,Build
Plank,2023-02-17,47,sec,,,Build
Plank,2023-02-18,60,sec,,,Build
Plank,2023-02-22,60,sec,,,Build
Plank,2023-02-23,60,sec,,,Build
Plank,2023-02-24,120,sec,,,Build
Plank,2023-02-25,60,sec,,,Build
Plank,2023-02-26,60,sec,,,Build
Plank,2023-02-27,60,sec,,,Build
Plank,2023-02-28,60,sec,,,Build
Plank,2023-03-01,60,sec,,,Build
Plank,2023-03-02,75,sec,,,Build
Plank,2023-03-03,75,sec,,,Build
Plank,2023-03-05,75,sec,,,Build
Plank,2023-03-07,75,sec,,,Build
Plank,2023-03-08,75,sec,,,Build
Plank,2023-03-09,75,sec,,,Build
Plank,2023-03-10,150,sec,,,Build
Plank,2023-03-11,150,sec,,,Build
Plank,2023-03-12,75,sec,,,Build
Plank,2023-03-13,75,sec,,,Build
Plank,2023-03-14,75,sec,,,Build
Plank,2023-03-19,75,sec,,,Build
Plank,2023-03-20,75,sec,,,Build
Plank,2023-03-21,75,sec,,,Build
Plank,2023-03-22,165,sec,,,Build
Plank,2023-03-23,90,sec,,,Build
Plank,2023-03-24,90,sec,,,Build
Plank,2023-03-25,90,sec,,,Build
Plank,2023-03-26,90,sec,,,Build
Plank,2023-03-27,90,sec,,,Build
Plank,2023-03-28,90,sec,,,Build
Plank,2023-03-29,180,sec,,,Build
Plank,2023-03-30,180,sec,,,Build
Plank,2023-03-31,90,sec,,,Build
Plank,2023-04-02,90,sec,,,Build
Plank,2023-04-03,90,sec,,,Build
Plank,2023-04-04,195,sec,,,Build
Plank,2023-04-05,105,sec,,,Build
Plank,2023-04-06,105,sec,,,Build
Plank,2023-04-07,105,sec,,,Build
Plank,2023-04-08,105,sec,,,Build
Plank,2023-04-09,105,sec,,,Build
Plank,2023-04-10,105,sec,,,Build
Plank,2023-04-11,105,sec,,,Build
Plank,2023-04-12,120,sec,,,Build
Plank,2023-04-13,120,sec,,,Build
Plank,2023-04-14,120,sec,,,Build
Plank,2023-04-15,120,sec,,,Build
Plank,2023-04-16,120,sec,,,Build
Plank,2023-04-17,120,sec,,,Build
Plank,2023-04-18,120,sec,,,Build
Plank,2023-04-19,120,sec,,,Build
Plank,2023-04-20,120,sec,,,Build
Plank,2023-04-21,120,sec,,,Build
Plank,2023-04-22,120,sec,,,Build
Plank,2023-04-23,120,sec,,,Build
Plank,2023-04-24,120,sec,,,Build
Plank,2023-04-25,120,sec,,,Build
Plank,2023-04-26,120,sec,,,Build
Plank,2023-04-27,120,sec,,,Build
Plank,2023-04-28,120,sec,,,Build
Plank,2023-04-29,120,sec,,,Build
Plank,2023-04-30,120,sec,,,Build
Plank,2023-05-01,120,sec,,,Build
Plank,2023-05-02,120,sec,,,Build
Plank,2023-05-03,120,sec,,,Build
Plank,2023-05-04,120,sec,,,Build
Plank,2023-05-05,120,sec,,,Build
Plank,2023-05-06,120,sec,,,Build
Plank,2023-05-07,120,sec,,,Build
Plank,2023-05-08,120,sec,,,Build
Plank,2023-05-09,120,sec,,,Build
Plank,2023-05-10,120,sec,,,Build
Plank,2023-05-11,120,sec,,,Build
Plank,2023-05-12,120,sec,,,Build
Plank,2023-05-13,120,sec,,,Build
Plank,2023-05-14,120,sec,,,Build
Plank,2023-05-15,120,sec,,,Build
Plank,2023-05-16,120,sec,,,Build
Plank,2023-05-17,120,sec,,,Build
Plank,2023-05-18,120,sec,,,Build
Plank,2023-05-19,120,sec,,,Build
Plank,2023-05-20,120,sec,,,Build
Plank,2023-05-21,120,sec,,,Build
Plank,2023-05-22,120,sec,,,Build
Plank,2023-05-23,120,sec,,,Build
Plank,2023-05-24,120,sec,,,Build
Plank,2023-05-25,120,sec,,,Build
Plank,2023-05-26,120,sec,,,Build
Plank,2023-05-27,120,sec,,,Build
Plank,2023-05-27,120,sec,,,Build
Plank,2023-05-28,120,sec,,,Build
Plank,2023-05-30,120,sec,,,Build
Plank,2023-05-31,120,sec,,,Build
Plank,2023-06-01,120,sec,,,Build
Plank,2023-06-02,120,sec,,,Build
Plank,2023-06-03,120,sec,,,Build
Plank,2023-06-04,120,sec,,,Build
Plank,2023-06-05,120,sec,,,Build
Plank,2023-06-06,120,sec,,,Build
Plank,2023-06-07,120,sec,,,Build
Plank,2023-06-08,120,sec,,,Build
Plank,2023-06-09,120,sec,,,Build
Plank,2023-06-10,120,sec,,,Build
Plank,2023-06-11,120,sec,,,Build
Plank,2023-06-12,120,sec,,,Build
Plank,2023-06-12,120,sec,,,Build
Plank,2023-06-21,120,sec,,,Build
Plank,2023-06-27,120,sec,,,Build
Plank,2023-07-06,60,sec,,,Build
Plank,2023-07-07,75,sec,,,Build
Plank,2023-07-10,90,sec,,,Build
Plank,2023-07-22,90,sec,,,Build
Plank,2023-07-23,90,sec,,,Build
Plank,2023-07-27,60,sec,,,Build
Plank,2023-08-06,60,sec,,,Build
Plank,2023-08-07,60,sec,,,Build
Plank,2023-08-08,60,sec,,,Build
Plank,2023-08-15,60,sec,,,Build
Plank,2023-08-24,60,sec,,,Build
Plank,2023-09-18,75,sec,,,Build
Plank,2023-09-24,75,sec,,,Build
Plank,2023-09-25,75,sec,,,Build
Plank,2023-09-26,75,sec,,,Build
Plank,2023-09-28,75,sec,,,Build
Plank,2023-09-30,75,sec,,,Build
Plank,2023-10-03,75,sec,,,Build
Plank,2023-10-13,75,sec,,,Build
Plank,2024-02-06,60,sec,,,Build
Plank,2024-02-07,60,sec,,,Build
Plank,2024-02-10,60,sec,,,Build
Plank,2024-02-12,60,sec,,,Build
Plank,2024-02-13,60,sec,,,Build
Plank,2024-02-15,60,sec,,,Build
Plank,2024-02-19,60,sec,,,Build
Plank,2024-02-23,60,sec,,,Build
Plank,2024-02-26,60,sec,,,Build
Plank,2024-02-27,60,sec,,,Build
Plank,2024-02-29,60,sec,,,Build
Plank,2024-03-30,60,sec,,,Build
Plank,2024-03-31,60,sec,,,Build
Plank,2024-04-01,60,sec,,,Build
Plank,2024-04-02,75,sec,,,Build
Plank,2024-04-03,75,sec,,,Build
Plank,2024-04-04,75,sec,,,Build
Plank,2024-04-05,90,sec,,,Build
Plank,2024-04-06,90,sec,,,Build
Plank,2024-04-07,90,sec,,,Build
Plank,2024-04-08,90,sec,,,Build
Plank,2024-04-09,90,sec,,,Build
Plank,2024-04-10,90,sec,,,Build
Plank,2024-04-11,90,sec,,,Build
Plank,2024-04-12,90,sec,,,Build
Plank,2024-04-13,90,sec,,,Build
Plank,2024-04-14,90,sec,,,Build
Plank,2024-04-15,90,sec,,,Build
Plank,2024-04-16,90,sec,,,Build
Plank,2024-04-17,90,sec,,,Build
Plank,2024-04-18,90,sec,,,Build
Plank,2024-04-19,90,sec,,,Build
Plank,2024-04-20,60,sec,,,Build
Plank,2024-04-21,90,sec,,,Build
Plank,2024-04-22,90,sec,,,Build
Plank,2024-04-23,90,sec,,,Build
Plank,2024-04-24,90,sec,,,Build
Plank,2024-04-25,90,sec,,,Build
Plank,2024-04-26,90,sec,,,Build
Plank,2024-04-27,90,sec,,,Build
Plank,2024-04-28,90,sec,,,Build
Plank,2024-04-29,90,sec,,,Build
Plank,2024-04-30,90,sec,,,Build
Plank,2024-05-01,90,sec,,,Build
Plank,2024-05-02,90,sec,,,Build
Plank,2024-05-03,120,sec,,,Build
Plank,2024-05-04,120,sec,,,Build
Plank,2024-05-06,105,sec,,,Build
Plank,2024-05-07,105,sec,,,Build
Plank,2024-05-08,30,sec,,,Build
Plank,2024-05-14,60,sec,,,Build
Plank,2024-05-15,60,sec,,,Build
Plank,2024-05-16,75,sec,,,Build
Plank,2024-05-17,75,sec,,,Build
Plank,2024-06-20,30,sec,,,Build
Plank,2024-06-21,60,sec,,,Build
Plank,2024-06-22,60,sec,,,Build
Plank,2024-06-23,75,sec,,,Build
Plank,2024-06-24,75,sec,,,Build
Plank,2024-06-27,90,sec,,,Build
Plank,2024-06-28,120,sec,,,Build
Plank,2024-07-08,60,sec,,,Build
Plank,2024-07-09,90,sec,,,Build
Plank,2024-07-10,90,sec,,,Build
Plank,2024-07-11,90,sec,,,Build
Plank,2024-07-12,90,sec,,,Build
Plank,2024-07-13,90,sec,,,Build
Plank,2024-07-14,90,sec,,,Build
Plank,2024-07-15,120,sec,,,Build
Plank,2024-07-16,120,sec,,,Build
Plank,2024-07-17,105,sec,,,Build
Plank,2024-07-18,120,sec,,,Build
Plank,2024-07-22,60,sec,,,Build
Plank,2024-07-23,90,sec,,,Build
Plank,2024-07-24,90,sec,,,Build
Plank,2024-07-25,60,sec,,,Build
Plank,2024-07-26,90,sec,,,Build
Plank,2024-07-27,60,sec,,,Build
Plank,2024-07-28,60,sec,,,Build
Plank,2024-07-29,60,sec,,,Build
Plank,2024-07-30,60,sec,,,Build
Plank,2024-07-31,60,sec,,,Build
Plank,2024-08-01,60,sec,,,Build
Plank,2024-08-02,60,sec,,,Build
Plank,2024-08-03,60,sec,,,Build
Plank,2024-08-04,60,sec,,,Build
Plank,2024-08-05,60,sec,,,Build
Plank,2024-08-06,90,sec,,,Build
Plank,2024-08-07,120,sec,,,Build
Plank,2024-08-08,120,sec,,,Build
Plank,2024-08-09,120,sec,,,Build
Plank,2024-08-10,90,sec,,,Build
Plank,2024-08-12,90,sec,,,Build
Plank,2024-08-13,90,sec,,,Build
Plank,2024-08-17,60,sec,,,Build
Plank,2024-08-19,90,sec,,,Build
Plank,2024-08-20,30,sec,,,Build
Plank,2024-08-21,60,sec,,,Build
Plank,2024-08-22,60,sec,,,Build
Plank,2024-08-27,30,sec,,,Build
Plank,2024-08-29,30,sec,,,Build
Plank,2024-08-30,30,sec,,,Build
Plank,2024-09-03,90,sec,,,Build
Plank,2024-12-05,60,sec,,,Build
Plank,2024-12-09,60,sec,,,Build
Plank,2024-12-10,60,sec,,,Build
Plank,2024-12-31,60,sec,,,Build
Plank,2025-01-01,60,sec,,,Build
Plank,2025-01-02,60,sec,,,Build
Plank,2025-01-03,60,sec,,,Build
Plank,2025-01-04,60,sec,,,Build
Plank,2025-01-05,60,sec,,,Build
Plank,2025-01-06,60,sec,,,Build
Plank,2025-01-07,60,sec,,,Build
Plank,2025-01-08,60,sec,,,Build
Plank,2025-01-09,60,sec,,,Build
Plank,2025-01-10,60,sec,,,Build
Plank,2025-01-11,60,sec,,,Build
Plank,2025-01-12,60,sec,,,Build
Plank,2025-01-13,60,sec,,,Build
Plank,2025-01-14,60,sec,,,Build
Plank,2025-01-15,60,sec,,,Build
Plank,2025-01-16,60,sec,,,Build
Plank,2025-01-17,60,sec,,,Build
Plank,2025-01-17,60,sec,,,Build
Plank,2025-02-18,60,sec,,,Build
Plank,2025-02-22,60,sec,,,Build
Plank,2025-02-27,60,sec,,,Build
Plank,2025-05-27,60,sec,,,Build
Plank,2025-05-29,60,sec,,,Build
Plank,2025-05-30,60,sec,,,Build
Plank,2025-05-31,60,sec,,,Build
Plank,2025-06-02,60,sec,,,Build
Plank,2025-06-04,60,sec,,,Build
Plank,2025-06-09,60,sec,,,Build
Plank,2025-06-17,60,sec,,,Build
Plank,2025-06-18,60,sec,,,Build
Plank,2025-07-07,60,sec,,,Build
Plank,2025-07-08,60,sec,,,Build
Plank,2025-07-28,60,sec,,,Build